Id,Last Edit / Deliberation Comment / Need to review,on/off,Empirical research specificity,Word / Pattern,Category name,Subitem category (functional role of sentence ( flow logic),Sensitivity to Additional Parameter,Sensitivity to Additional Parameter,Subitem category (functional role of sentence              ( flow logic),Sensitivity to Additional Parameter,Description,Status,Weight - TBD by Machine,Category number,MarkerTypeId,comment
3214,,,,you will be able to,contribution,,,,,,you * be able to,1,,8,8,NULL
3213,,,,you should be able to,contribution,,,,,,NULL,1,,8,8,NULL
3131,,,,yet there is a paucity of,problem statement,,if in introduction,,,,NULL,1,,30,6,
,,,,yet,problem statement,if in introduction,,,,,,,,30,,
,,,,would provide a more rigorous test of ,recommendation ,if in conclusion section,,,,,,,,31,,
,,,,would provide a means of validating,recommendation ,if in conclusion section,,,,,,,,31,,
3099,,,,will help you to,contribution,,,,,,* help you to,1,,8,8,NULL
3097,,,,will help us to,contribution,,,,,,* help us to,1,,8,8,NULL
,,,,will help guide the research,contribution,,if in conclusion section,,,,,,,8,,
3096,,,,will enable you to,contribution,,,,,,* enable you to,1,,8,8,NULL
3256,,,,will enable us to,contribution,,,,,,NULL,1,,8,8,NULL
,,,,will be revealed by future research,recommendation,,,,,,,,,31,,
,,,,While a great deal of research has …,problem statement,if in introduction,,,,,,,,30,,
,,,,which remains underrecognised,problem statement,if in introduction,,,,,,,,30,,
,,,,which can inflate correlations,limitation,,,,,,,,,5,,
,,,,were not randomly assigned to,limitation,,,,,,,,,5,,
6621,,,,we will be able to,contribution,,,,,,NULL,1,,8,8,NULL
,,,,we were unable to address the long-term effects of,limitation,,,,,,,,,5,,
,,,,we recommend that ,recommendation ,,if in conclusion section,,,,,,,31,,
,,,,we recommend,recommendation ,,if in conclusion section,,,,,,,31,,
3045,,,,we need to know,problem statement,,if in introduction,,,,NULL,1,,30,6,
7602,,,,we limit our discussion to,limitation,,"if appears in discussion or 
conclusion sections",,,,we limit * discussion to,1,,5,15,NULL
7374,,,,we know very little about,problem statement,,if in introduction,,,,* know very little about,1,,30,6,
6969,what is the full specification of this beyond the current plain text,,,we investigated whether,hypothesis/research question  ,research question,self ref,deictic work ref,,,NULL,1,,25,25,NULL
7961,what is the full specification of this beyond the current plain text,,,we hypothesized that we would find,hypothesis/research question  ,research question,self ref,deictic work ref,,,NULL,1,,25,25,NULL
7919,matan - disabled as it is a superfluous by 6155 (?),off,,we hypothesized that,hypothesis/research question  ,research question,self ref,deictic work ref,,,NULL,1,,25,25,NULL
7921,what is the full specification of this beyond the current plain text,,,we hypothesize that,hypothesis/research question  ,research question,self ref,deictic work ref,,,NULL,1,,25,25,NULL
1163,what is the full specification of this beyond the current plain text,,,we hypothesised that,hypothesis/research question  ,research question,self ref,deictic work ref,,,NULL,1,,25,25,NULL
,,,,we hope our … will ,contribution,,if in conclusion section,,,,,,,8,,
Sep13,,,,we have taken a few steps towards,contribution,contribution ,if in discussion or in conclusion section,,,,,,,8,,
Sep13,,,,we have suggested some ways in which,contribution,contribution ,if in discussion or in conclusion section,,,,,,,8,,
Sep13,,,,we have no way of knowing,limitation,,if in discussion or in conclusion section,,,,,,,5,,
Sep13,,,,we extend the model,contribution,,,,,,,,,8,,
Sep13,,,,we extend,contribution,,,,,,,,,8,,
5990,what is the full specification of this beyond the current plain text,,,we explored whether,hypothesis/research question  ,research question,self ref,deictic work ref,,,NULL,1,,25,25,NULL
7895,what is the full specification of this beyond the current plain text,,,we expected that,hypothesis/research question  ,research question,self ref,deictic work ref,,,NULL,1,,25,25,NULL
829,what is the full specification of this beyond the current plain text,,,we evaluate whether,hypothesis/research question  ,research question,self ref,deictic work ref,,,NULL,1,,25,25,NULL
,,,,we encourage future research,recommendation,,,,,,,,,31,,
5865,what is the full specification of this beyond the current plain text,,,we consider how to,hypothesis/research question  ,research question,self ref,deictic work ref,,,consider% how to,1,,25,25,NULL
,,,,We conceptualise the findings in a theoretical model,contribution,if in conclusion section,,,,,,,,8,,
,,,,we call for … to cross-validate our findings,recommendation,,,,,,,,,31,,
,,,,we call for …,recommendation,,,,,,,,,31,,
7008,,,,we believe that this will help,contribution,,,,,,we believe that this ** help,1,,8,8,NULL
7002,what is the full specification of this beyond the current plain text,,,we ask why,hypothesis/research question  ,research question,self ref,deictic work ref,,,NULL,1,,25,25,NULL
,,,,We acknowledge several limitations to this study,limitation,,,,,,,,,5,,
,,,,wasted,problem statement,,if in introduction,,,,,,,30,,
,,,,was conducted in only one,problem statement,if in introduction section ,,,,,,,,30,,
,,,,was conducted in only one,limitation,if in conclusion section,,,,,,,,5,,
2659,,,,very valuable information,contribution,,if in discussion or in conclusion section,"if contains self ref, deictic work ref, or ""you""",,,very * information,1,,6,8,NULL
3021,,,,very real danger that,problem statement,,if in introduction,,,,NULL,1,,30,13,
3015,,,,very little research,problem statement,,if in introduction,,,,NULL,1,,30,6,
3011,,,,very little empirical data,problem statement,,if in introduction,,,,NULL,1,,30,6,
,,,,very few studies have examined,problem statement,if in introduction,recommendation,if in conclusion section,,,,,,30,,
3007,,,,very few emipirical studies,problem statement,,if in introduction,,,,NULL,1,,30,6,
274,,,,very few attempts to,problem statement,,if in introduction,,,,NULL,1,,30,6,
6985,,,,valuable contribution to,contribution,,,,,,NULL,1,,8,8,NULL
5421,,,,valuable addition to,contribution,,,,,,* addition to,1,,8,8,NULL
,,,,validity of the results of this study might be limited to,limitation,,,,,,,,,5,,
6812,,,,unique contribution,contribution,,,,,,NULL,1,,8,8,NULL
,,,,undervalued,problem statement,,if in introduction,,,,,,,30,,
6374,,,,under-represented,problem statement,problem statement,if in introduction,,,,NULL,1,,30,6,
3254,,,,to provide valuable insights,contribution,,if in discussion or in conclusion section,"if contains self ref, deictic work ref, or ""you""",,,to provide ** insights,1,,6,8,NULL
,,,,to further improve ,recommendation ,,if in conclusion section,,,,,,,31,,
2880,how can this be attached to a article-self-ref?,off,,to determine whether,hypothesis/research question  ,research question,self ref,deictic work ref,,,NULL,1,,25,25,NULL
,,,,to better represent ,contribution,,if in conclusion section,,,,,,,8,,
4005,,,,time-consuming,problem statement,,if in introduction,,,,NULL,1,,30,13,
,,,,threaten,problem statement,if in introduction,,,,,,,,30,,
,,,,threat to the validity of the findings ,limitation,if in conclusion section,,,,,,,,5,,
,,,,this study will spark continued interest,contribution,,,,,,,,,8,,
2726,,,,this study validates,contribution,,,,,,this study validate%,1,,8,8,NULL
2859,,,,this study therefore validates,contribution,,,,,,NULL,1,,8,8,NULL
,,,,This study provides further evidence that,contribution,if in conclusion section,,,,,,,,8,,
5760,,,,this study identifies,contribution,,,,,,this * identifies,1,,8,8,NULL
5762,,,,this study identified,contribution,,,,,,this * identified,1,,8,8,NULL
,,,,This study highlights,contribution,,,,,,,,,8,,
,,,,this study highlights,contribution,,,,,,,,,8,,
,,,,This study has established the importance of,contribution,,if in conclusion section,,,,,,,8,,
2858,,,,this study extends the findings of,contribution,,,,,,this * extend% the findings of,1,,8,8,NULL
,,,,This study extends previous research,contribution ,,,,,,,,,8,,
7362,,,,this study extends,contribution,,,,,,NULL,1,,8,8,NULL
,,,,This study also makes contributions to our understanding of,contribution,,if in conclusion section,,,,,,,8,,
,,,,This study also makes contributions to ,contribution,,if in conclusion section,,,,,,,8,,
,,,,This study adds to the theoretical framework,contribution,,,,,,,,,8,,
,,,,This solution also deals with,contribution,,,,,,,,,8,,
Sep13,,,,this research expanded on,contribution,,,,,,,,,8,,
Sep13,how can this be attached to a article-self-ref?,off,,this problem is analyzed,problem statement,,,deictic work ref,,,,,,30,,
Sep13,how can this be attached to a article-self-ref?,off,,this problem has been,problem statement,,,deictic work ref,,,,,,30,,
,,,,This paper presents new ideas ,contribution,,if in conclusion section,,,,,,,8,,
,,,,This limits our ability to rule out the possibility that,limitation,,,,,,,,,5,,
,,,,This limits our ability to ,limitation,,,,,,,,,5,,
,,,,This is a complicated problem that ,problem statement,,if in introduction section ,,,,,,,30,,
,,,,this ... should prove useful for,contribution,,,,,,,,,8,,
7925,matan - disabled as it is a superfluous by 7926 (?),off,,third hypothesis,hypothesis/research question  ,research question,self ref,deictic work ref,,,NULL,1,,25,25,NULL
,,,,these studies are subject to,limitation,,,,,,,,,5,,
6984,,,,these results validate,contribution,,,,,,these * validate,1,,8,8,NULL
,,,,these results should be interpreted with caution,limitation,,,,,,,,,5,,
Sep13,,,,These results challenge,problem statement,,if in introduction,,,,,,,30,,
Sep13,,,,these problems are,problem statement,,if in introduction,,,,,,,30,,
,,,,these findings should not be extrapolated to ,limitation,if in conclusion section,,,,,,,,5,,
,,,,these findings should not be … without further empirical examination.,limitation,if in conclusion section,,,,,,,,5,,
,,,,These findings provide support for,contribution,if in conclusion section,,,,,,,,8,,
,,,,These contributions must be qualified in light of,limitation,,,,,,,,,5,,
,,,,There needs to be further work before,recommendation ,,if in conclusion section,,,,,,,31,,
2832,,,,there is no way of knowing,problem statement,,if in introduction,,,,NULL,1,,30,6,
2831,,,,there is no guarantee that,problem statement,,if in introduction,,,,NULL,1,,30,6,
,,,,There is no consensus regarding,problem statement,if in introduction,,,,,,,,30,,
,,,,there is little research available ,problem statement,if in introduction,,,,,,,,30,,
,,,,there is little ... literature available ,problem statement,if in introduction,,,,,,,,30,,
,,,,there is growing concern ,problem statement,,if in introduction ,,,,,,,30,,
,,,,there is currently little empirical evidence,problem statement,if in introduction section ,,,,,,,,30,,
,,,,there is currently little,problem statement,if in introduction section ,,,,,,,,30,,
3996,,,,there is a very real danger that,problem statement,,if in introduction,,,,NULL,1,,30,13,
,,,,there is a need for a well-designed longitudinal,limitation,if in conclusion section,,,,,,,,5,,
,,,,there is a need for a ,recommendation,if in conclusion section,,,,,,,,31,,
,,,,there is a need for a,problem statement,if in introduction,,,,,,,,30,,
,,,,there is a need for ... longitudinal,limitation,if in conclusion section,,,,,,,,5,,
,,,,there is a need for,problem statement,,if in introduction ,,,,,,,30,,
2825,,,,there is a need for,limitation,limitation,if in discussion or in conclusion section,,,,NULL,1,,5,6,
,,,,there are some questions,problem statement,,if in introduction ,,,,,,,30,,
3660,,,,there are some questions,limitation,,if in discussion or in conclusion section,,,,there are * some * questions,1,,5,13,
,,,,There are several limitations to our ... that should be considered,limitation,,,,,,,,,5,,
,,,,There are several limitations to our ... ,limitation,,,,,,,,,5,,
,,,,There are at least ... limitations,limitation,,,,,,,,,5,,
2817,,,,there are as yet few,problem statement,,if in introduction,,,,there are as yet * few,1,,30,6,
,,,,There are a number of limitations to this study.,limitation,,,,,,,,,5,,
,,,,There are ... caveats ,limitation,if in conclusion section,,,,,,,,5,,
,,,,The third limitation of the study results from the data collection method,limitation,,,,,,,,,5,,
,,,,The study draws attention to,contribution,,,,,,,,,8,,
,,,,The study deepens the existing conceptualizations,contribution,,,,,,,,,8,,
,,,,The second limitation is the fact that the questionnaire design can also  ,limitation,,,,,,,,,5,,
,,,,The second contribution of this study … is the finding of,contribution,,,,,,,,,8,,
,,,,the sample was small and homogenous ,limitation,,if in conclusion section,,,,,,,5,,
,,,,the sample was small and ,limitation,,if in conclusion section,,,,,,,5,,
,,,,"The results of this study should be considered in light of
its limitations",limitation,,,,,,,,,5,,
,,,,the results of this study are open to the criticism that,limitation,,,,,,,,,5,,
,,,,the question of … remains open,problem statement,if introduction,,,,,,,,30,,
,,,,the question of … remains open,limitation,if conclusion,,,,,,,,5,,
,,,,the possibility of … cannot be completely ruled out,limitation,,,,,,,,,5,,
,,,,the possibility of … cannot be completely …,limitation,,,,,,,,,5,,
,,,,the paper highlighted,contribution,,if in conclusion section,,,,,,,8,,
7964,how can this be attached to a article-self-ref?,off,,the leading questions were:,hypothesis/research question  ,research question,self ref,deictic work ref,,,the * questions were:,1,,25,25,NULL
7959,matan (added in),,,the hypothesis tested,hypothesis/research question  ,research question,self ref,deictic work ref,,,the * hypothesis tested,1,,25,25,NULL
,,,,The first limitation deals with the nature of a,limitation,,,,,,,,,5,,
,,,,the empirical literature has produced mixed results regarding,problem statement,,,,,,,,,30,,
,,,,The ... limitation is the fact that ,limitation,,,,,,,,,5,,
,,,,that may help in ,contribution,,if in conclusion section,,,,,,,8,,
,,,,takes time and money,problem statement,,if in introduction,,,,,,,30,,
,,,,takes time,problem statement,,if in introduction,,,,,,,30,,
Sep13,,,,systematic biases,limitation,,if in discussion or in conclusion section,,,,,,,5,,
Sep13,,,,systematic bias,limitation,,if in discussion or in conclusion section,,,,,,,5,,
2770,,,,susceptible to,problem statement,,if in introduction,,,,NULL,1,,30,6,
,,,,suggests a need to identify factors that impact,problem statement,if in introduction section ,,,,,,,,30,,
2752,,,,suggest a need for further research,problem statement,,if in introduction,,,,NULL,1,,30,6,
,,,,suggest a need for further research,recommendation ,,if in discussion or in conclusion section,,,,,,,31,,
3975,,,,suffer from a number of limitations,limitation,,if in discussion or in conclusion section,,,,suffer% from a number of limitation%,1,,5,13,
,,,,suffer from a number of,problem statement,,if in introduction,,,if in last section,,,,30,,
,,,,Such research would provide further,problem statement,if in introduction,,,,,,,,30,,
,,,,Such research would provide further,recommendation,if in conclusion section,,,,,,,,31,,
,,,,study sheds light on the key role,contribution,,,,,,,,,8,,
,,,,study sheds light on ,contribution,,,,,,,,,8,,
,,,,study also contributes to a better understanding of,contribution,if in conclusion section,,,,,,,,8,,
,,,,studies are needed,rcommendation,,if in discussion or in conclusion section,,,,,,,6,,
,,,,still some debate,problem statement,problem statement,if in introduction ,,,,,,,30,,
6643,,,,still some debate,limitation,limitation,if in discussion or in conclusion section,,,,still * debate,1,,5,6,
,,,,still requires additional,problem statement,problem statement,if in introduction ,,,,,,,30,,
7404,,,,still requires additional,limitation,limitation,if in discussion or in conclusion section,,,,still require% additional,1,,5,6,
,,,,still not completely understood,problem statement,problem statement,if in introduction ,,,,,,,30,,
2691,,,,still not completely understood,limitation,limitation,if in discussion or in conclusion section,,,,NULL,1,,5,6,
,,,,still lack,problem statement,problem statement,if in introduction ,,,,,,,30,,
2687,,,,still lack,limitation,limitation,if in discussion or in conclusion section,,,,NULL,1,,5,6,
,,,,still have to find a way to,problem statement,problem statement,if in introduction ,,,,,,,30,,
2686,,,,still have to find a way to,limitation,limitation,if in discussion or in conclusion section,,,,NULL,1,,5,6,
,,,,still far from clear,problem statement,problem statement,if in introduction ,,,,,,,30,,
2685,,,,still far from clear,limitation,limitation,if in discussion or in conclusion section,,,,NULL,1,,5,6,
,,,,spills over to affect,problem statement,,,,,,,,,30,,
,,,,some selection bias,limitation,,,,,,,,,5,,
,,,,some limitations that should be noted,limitation,,,,,,,,,5,,
Sep13,,,,some limitations are present in the current study,limitation,,"if appears in discussion or 
conclusion sections",,,,,,,5,,
3985,,,,some doubts as to whether,problem statement,problem statement,if in introduction,,,,NULL,1,,30,13,
2635,,,,small size of the sample,limitation,limitation,if in discussion or in conclusion section,,,,NULL,1,,5,6,
,,,,size of sample population,limitation ,,if in discussion or in conclusion section,,,,,,,5,,
2573,,,,significant declines,problem statement,problem statement,if in introduction,,,,significant decline%,1,,30,9,NULL
2571,,,,significant contribution,contribution,contribution,if in discussion or in conclusion section,"if contains self ref, deictic work ref, or ""you""",,,NULL,1,,8,8,NULL
Sep13,,,,significant challenges for,problem statement,problem statement,if in introduction,,,,,,,30,,
2570,,,,significant barrier,problem statement,problem statement,if in introduction,,,,NULL,1,,30,6,
Sep13,,,,should not be ignored,problem statement,problem statement,if in introduction,,,,,,,30,,
3205,,,,should help you to,contribution,,,,,,should help * to,1,,8,8,NULL
,,,,should examine,recommendation,if in conclusion section,,,,,,,,31,,
,,,,should endeavor to,recommendation,,,,,,,,,31,,
,,,,should be re-examined in light of,problem statement,if early sentences of abstract,,,,,,,,30,,
,,,,should be re-examined in light of,recommendation,if in conclusion section,,,,,,,,31,,
,,,,should be explored further ,problem statement,if in introduction section ,,,,,,,,30,,
,,,,should be explored further ,recommendation,if in conclusion section,,,,,,,,31,,
,,,,should be conducted in order to  ,recommendation ,,if in conclusion section,,,,,,,31,,
,,,,should be carried out in order to better understand ,recommendation ,,if in conclusion section,,,,,,,31,,
,,,,should address,recommendation,if in conclusion section,,,,,,,,31,,
2516,,,,sheds light on,contribution,contribution,if in discussion or in conclusion section,"if contains self ref, deictic work ref, or ""you""",,,shed% light on,1,,8,8,NULL
3250,,,,sheds light,contribution,contribution,if in discussion or in conclusion section,"if contains self ref, deictic work ref, or ""you""",,,shed% * * light,1,,8,8,NULL
1518,,,,sheds additional light,contribution,contribution,if in discussion or in conclusion section,"if contains self ref, deictic work ref, or ""you""",,,shed% * light,1,,8,8,NULL
2518,,,,shed new light,contribution,contribution,if in discussion or in conclusion section,"if contains self ref, deictic work ref, or ""you""",,,shed% * light,1,,8,8,NULL
2515,,,,shed light,contribution,contribution,if in discussion or in conclusion section,"if contains self ref, deictic work ref, or ""you""",,,shed% ** light,1,,8,8,NULL
3248,,,,sharpens our understanding of,contribution,,,,,,sharpen% * understanding of,1,,8,8,NULL
3249,,,,sharpens our theoretical understanding of,contribution,,,,,,sharpen% * theoretical understanding of,1,,8,8,NULL
2513,,,,sharp rise,problem statement,,if in introduction,,,,NULL,1,,30,6,
2512,,,,sharp increase,problem statement,problem statement,if in introduction,,,,NULL,1,,30,6,
Sep13,,,,sharp drop,problem statement,problem statement,if in introduction,,,,,,,30,,
2511,,,,sharp decrease,problem statement,,if in introduction,,,,NULL,1,,30,6,
2510,,,,sharp decline,problem statement,,if in introduction,,,,NULL,1,,30,6,
,,,,several limitations of our research,limitation,,,,,,,,,5,,
7476,how can this be attached to a article-self-ref?,,,sets of research questions,hypothesis/research question  ,research question,self ref,deictic work ref,,,NULL,1,,25,25,NULL
7477,matan,,,sets of hypotheses,hypothesis/research question  ,research question,self ref,deictic work ref,,,NULL,1,,25,25,NULL
7673,matan,,,set of hypotheses,hypothesis/research question  ,research question,self ref,deictic work ref,,,NULL,1,,25,25,NULL
,,,,second limitation is,limitation,,,,,,,,,5,,
,,,,second limitation,limitation,,if in conclusion section,,,,,,,5,,
7924,matan - disabled as it is a superfluous by 7926 (?),off,,second hypothesis,hypothesis/research question  ,research question,self ref,deictic work ref,,,NULL,1,,25,25,NULL
,,,,sample was too small,limitation ,,if in discussion or in conclusion section,,,,,,,5,,
,,,,sample was not,limitation ,,if in discussion or in conclusion section,,,,,,,5,,
,,,,sample size for this study was relatively small,limitation,,,,,,,,,5,,
,,,,results of the study may be limited in their generalizability,limitation,,,,,,,,,5,,
,,,,results of the current study highlight,contribution,if in conclusion section,,,,,,,,8,,
,,,,researchers in the future could use,recommendation ,,if in conclusion section,,,,,,,31,,
,,,,research should explore,recommendation,,,,,,,,,31,,
7899,why colum G and H specified refs if this group captures specific combinations?,,,research questions in this study,hypothesis/research question  ,research question,self ref,deictic work ref,,,NULL,1,,25,25,NULL
7910,why colum G and H specified refs if this group captures specific combinations?,,,research questions in this report,hypothesis/research question  ,research question,self ref,deictic work ref,,,NULL,1,,25,25,NULL
2390,why colum G and H specified refs if this group captures specific combinations?,,,research questions in this paper,hypothesis/research question  ,research question,self ref,deictic work ref,,,NULL,1,,25,25,NULL
7916,why colum G and H specified refs if this group captures specific combinations?,,,research questions in this article,hypothesis/research question  ,research question,self ref,deictic work ref,,,NULL,1,,25,25,NULL
7913,why colum G and H specified refs if this group captures specific combinations?,,,research question in this study,hypothesis/research question  ,research question,self ref,deictic work ref,,,NULL,1,,25,25,NULL
7915,why colum G and H specified refs if this group captures specific combinations?,,,research question in this report,hypothesis/research question  ,research question,self ref,deictic work ref,,,NULL,1,,25,25,NULL
7912,why colum G and H specified refs if this group captures specific combinations?,,,research question in this paper,hypothesis/research question  ,research question,self ref,deictic work ref,,,NULL,1,,25,25,NULL
7914,why colum G and H specified refs if this group captures specific combinations?,,,research question in this article,hypothesis/research question  ,research question,self ref,deictic work ref,,,NULL,1,,25,25,NULL
7892,why colum G and H specified refs if this group captures specific combinations?,,,research question examined in this,hypothesis/research question  ,research question,self ref,deictic work ref,,,NULL,1,,25,25,NULL
2389,why colum G and H specified refs if this group captures specific combinations?,,,research question,hypothesis/research question  ,research question,self ref,deictic work ref,,,NULL,1,,25,25,NULL
,,,,research needs to establish,problem statement,if in introduction,,,,,,,,30,,
,,,,research needs to establish,recommendation,if in conclusion section,,,,,,,,31,,
,,,,research is needed ,problem statement,if in introduction,,,,,,,,30,,
,,,,research is needed ,recommendation,if in conclusion section,,,,,,,,31,,
,,,,research is needed,problem statement,,if in introduction ,,,,,,,30,,
1691,,,,research is needed,limitation,,if in discussion or in conclusion section,,,,* research is needed,1,,5,13,
1693,,,,research is needed,problem statement,,if in introduction ,,,,NULL,1,,30,6,
,,,,research … has been limited by its overwhelming reliance on ,problem statement,,,,,,,,,30,,
Sep13,,,,requires further,problem statement,,if in introduction,,,,,,,30,,
,,,,require further investigation,problem statement,if early sentences of abstract,,,,,,,,30,,
,,,,require further investigation,recommendation,if in conclusion section,,,,,,,,31,,
,,,,require further ,problem statement,if early sentences of abstract,,,,,,,,30,,
,,,,require further ,recommendation,if in conclusion section,,,,,,,,31,,
,,,,represents a challenge,problem statement,,if in introduction,,,,,,,30,,
7370,,,,represent a positive contribution towards,contribution,,,,,,represent% * positive contribution% towards,1,,8,8,NULL
Sep13,,,,replicating the findings,contribution,contribution,if in discussion or in conclusion section,"if contains self ref, deictic work ref, or ""you""",,,,,,8,,
Sep13,,,,relative contribution,contribution,,,,,,,,,8,,
7256,,,,reasons for studying this topic,contribution,,,,,,reasons for studying * topic%,1,,8,8,NULL
2237,why colum G and H specified refs if this group captures specific combinations?,,,questions were investigated,hypothesis/research question  ,research question,self ref,deictic work ref,,,NULL,1,,25,25,NULL
7885,why colum G and H specified refs if this group captures specific combinations?,,,questions we addressed in this,hypothesis/research question  ,research question,self ref,deictic work ref,,,NULL,1,,25,25,NULL
,,,,questions remain unanswered ,problem statement,,if in introduction ,,,,,,,30,,
7397,why colum G and H specified refs if this group captures specific combinations?,,,questions in this study,hypothesis/research question  ,research question,self ref,deictic work ref,,,question% in this *,1,,25,25,NULL
7905,why colum G and H specified refs if this group captures specific combinations?,,,questions in this research,hypothesis/research question  ,research question,self ref,deictic work ref,,,NULL,1,,25,25,NULL
7907,why colum G and H specified refs if this group captures specific combinations?,,,questions in this report,hypothesis/research question  ,research question,self ref,deictic work ref,,,NULL,1,,25,25,NULL
7901,why colum G and H specified refs if this group captures specific combinations?,,,questions in this paper,hypothesis/research question  ,research question,self ref,deictic work ref,,,NULL,1,,25,25,NULL
7903,why colum G and H specified refs if this group captures specific combinations?,,,questions in this article,hypothesis/research question  ,research question,self ref,deictic work ref,,,NULL,1,,25,25,NULL
7884,why colum G and H specified refs if this group captures specific combinations?,,,questions addressed in this study,hypothesis/research question  ,research question,self ref,deictic work ref,,,NULL,1,,25,25,NULL
7886,why colum G and H specified refs if this group captures specific combinations?,,,question we addressed in this,hypothesis/research question  ,research question,self ref,deictic work ref,,,NULL,1,,25,25,NULL
2235,why colum G and H specified refs if this group captures specific combinations?,,,question was investigated,hypothesis/research question  ,research question,self ref,deictic work ref,,,NULL,1,,25,25,NULL
2231,why colum G and H specified refs if this group captures specific combinations?,,,question in this study,hypothesis/research question  ,research question,self ref,deictic work ref,,,NULL,1,,25,25,NULL
7904,why colum G and H specified refs if this group captures specific combinations?,,,question in this research,hypothesis/research question  ,research question,self ref,deictic work ref,,,NULL,1,,25,25,NULL
7906,why colum G and H specified refs if this group captures specific combinations?,,,question in this report,hypothesis/research question  ,research question,self ref,deictic work ref,,,NULL,1,,25,25,NULL
7900,why colum G and H specified refs if this group captures specific combinations?,,,question in this paper,hypothesis/research question  ,research question,self ref,deictic work ref,,,NULL,1,,25,25,NULL
7902,why colum G and H specified refs if this group captures specific combinations?,,,question in this article,hypothesis/research question  ,research question,self ref,deictic work ref,,,NULL,1,,25,25,NULL
7478,why colum G and H specified refs if this group captures specific combinations?,,,question addressed in this study,hypothesis/research question  ,research question,self ref,deictic work ref,,,critical question% * addressed in this *,1,,25,25,NULL
3244,,,,provides you with,contribution,,,,,,provide% you with,1,,8,8,NULL
,,,,provides support for,contribution,,if in discussion or in conclusion section,"if contains self ref, deictic work ref, or ""you""",,,,,,8,,
,,,,provides strong evidence that,contribution,,if in discussion or in conclusion section,"if contains self ref, deictic work ref, or ""you""",,,,,,8,,
,,,,provides several insights,contribution,if in conclusion section,,,,,,,,8,,
3243,,,,provides new,contribution,,if in discussion or in conclusion section,"if contains self ref, deictic work ref, or ""you""",,,provide% new,1,,6,8,NULL
,,,,provides further support for,contribution,,if in discussion or in conclusion section,"if contains self ref, deictic work ref, or ""you""",,,,,,8,,
Sep13,,,,provides a basis,contribution,,if in discussion or in conclusion section,"if contains self ref, deictic work ref, or ""you""",,,,,,6,,
Sep13,,,,provided us with,contribution,,,,,,,,,8,,
Sep13,,,,provided a portrait of,contribution,,if in discussion or in conclusion section,"if contains self ref, deictic work ref, or ""you""",,,,,,6,,
Sep13,,,,provide us with a better understanding of the,contribution,,,,,,,,,8,,
Sep13,,,,provide us with,contribution,,,,,,,,,8,,
,,,,provide strong evidence that,contribution,,if in discussion or in conclusion section,"if contains self ref, deictic work ref, or ""you""",,,,,,8,,
3241,,,,provide new insights,contribution,,if in discussion or in conclusion section,"if contains self ref, deictic work ref, or ""you""",,,provide * insights,1,,6,8,NULL
3242,,,,provide new,contribution,,if in discussion or in conclusion section,"if contains self ref, deictic work ref, or ""you""",,,provide% new,1,,6,8,NULL
,,,,provide much more than,contribution,,if in discussion or in conclusion section,"if contains self ref, deictic work ref, or ""you""",,,,,,8,,
3902,,,,provide little information,problem statement,,if in introduction ,,,,provided little information,1,,30,13,
,,,,provide evidence that,contribution,,if in discussion or in conclusion section,,,,,,,8,,
2210,,,,provide an accurate picture,contribution,,if in discussion or in conclusion section,,,,NULL,1,,6,6,
2208,,,,provide a useful correction to,contribution,,if in discussion or in conclusion section,,,,NULL,1,,6,13,
Sep13,,,,provide a unique glimpse into,contribution,,if in discussion or in conclusion section,"if contains self ref, deictic work ref, or ""you""",,,,,,6,,
,,,,provide a means of,contribution,,if in discussion or in conclusion section,,,,,,,8,,
8015,,,,provide a basis for,contribution,,if in conclusion section,,,,provide% a * basis for,1,,6,6,
2178,,,,problems remain,problem statement,,if in introduction ,,,,NULL,1,,30,6,
Sep13,,,,problems can be seen as,problem statement,,if in introduction ,,,,,,,30,,
2177,,,,problems,problem statement,,if in introduction ,,,,problem% ***,1,,30,6,
2176,,,,problematic,problem statement,,if in introduction ,,,,NULL,1,,30,6,
7013,,,,problem with this is that,problem statement,,if in introduction ,,,,problem with ** is that,1,,30,21,NULL
7048,,,,problem with,problem statement,problem statement,if in introduction ,,,,NULL,1,,30,6,
Sep13,,,,problem we study is,problem statement,problem statement,if in introduction ,,,,,,,30,,
7908,,,,problem remains as to why,problem statement,,if in introduction ,,,,NULL,1,,30,6,
2175,,,,problem remains as to how,problem statement,,if in introduction ,,,,NULL,1,,30,6,
Sep13,,,,problem of how to,problem statement,problem statement,if in introduction ,,,,,,,30,,
Sep13,,,,problem of,problem statement,problem statement,if in introduction ,,,,,,,30,,
2173,,,,problem is to,problem statement,,if in introduction ,,,,NULL,1,,30,6,
Sep13,,,,problem is that,problem statement,problem statement,if in introduction ,,,,,,,30,,
Sep13,,,,problem can be seen as,problem statement,problem statement,if in introduction ,,,,,,,30,,
2172,,,,problem area,problem statement,,if in introduction ,,,,NULL,1,,30,6,
2169,,,,problem,problem statement,,if in introduction ,,,,NULL,1,,30,6,
,,,,primary limitation of this study,limitation,,if in conclusion section,,,,,,,5,,
2145,,,,previous studies have not addressed,problem statement,problem statement,if in introduction ,,,,NULL,1,,30,6,
,,,,previous studies have not ,problem statement,,if in introduction ,,,,,,,30,,
2143,,,,previous research has not,problem statement,,if in introduction ,,,,NULL,1,,30,6,
,,,,presents a serious problem,problem statement,if in introduction,,,,,,,,30,,
,,,,potential negative effect,problem statement,,if in introduction,,,,,,,30,,
2086,,,,positive contribution,contribution,contribution,if in discussion or in conclusion section,,,,NULL,1,,8,21,NULL
2066,,,,picture we have is far from complete,problem statement,,if in introduction,,,,NULL,1,,30,6,
2058,,,,perform poorly,problem statement,problem statement,if in introduction,,,,NULL,1,,30,6,
2045,,,,paucity of research,problem statement,,if in introduction,,,,NULL,1,,30,6,
3662,,,,paucity of data,problem statement,,if in introduction,,,,NULL,1,,30,6,
5813,,,,paucity of data,problem statement,,if in introduction,,,,#NAME?,1,,30,6,
2028,,,,partially explained by,problem statement,,if in introduction,,,,NULL,1,,30,20,NULL
2023,,,,part of the problem,problem statement,,if in introduction,,,,NULL,1,,30,6,
,,,,overlooked,problem statement,if introduction,,,,,,,,30,,
,,,,overlooked,problem statement,if in introduction,,,,,,,,30,,
3201,,,,our understanding of,contribution,,,,,,* understanding of,1,,8,8,NULL
,,,,our results should be interpreted in the context of the following limitations,limitation,,if in conclusion section,,,,,,,5,,
,,,,our results should be interpreted ,limitation,,if in conclusion section,,,,,,,5,,
,,,,our research highlights the importance of,contribution,,,,,,,,,8,,
7474,,,,our research complements,contribution,,,,,,our * complements,1,,8,8,NULL
,,,,Our knowledge of ... is still fragmentary.,problem statement,if in introduction,,,,,,,,30,,
,,,,Our hope is that this study will spark... ,contribution,,,,,,,,,8,,
,,,,our findings provide evidence for ,contribution,,if in conclusion section,,,,,,,8,,
,,,,our findings could lead to ,contribution,,if in conclusion section,,,,,,,8,,
6768,,,,our awareness,contribution,,,,,,NULL,1,,8,8,NULL
,,,,our … laid the groundwork for,contribution,,,,,,,,,8,,
,,,,our ... laid the foundations for,contribution,,,,,,,,,8,,
,,,,only partially understood,problem statement,,if in introduction,,,,,,,30,,
,,,,One limitation is the potential for,limitation,,,,,,,,,5,,
,matan,,,one limitation in,limitation,,if in conclusion section,deictic ref,,,,,,5,,
,,,,One drawback in this study was,limitation,if in conclusion section,,,,,,,,5,,
1917,,,,often suffer from,problem statement,,if in introduction,,,,NULL,1,,30,6,
4640,,,,offered some suggestions for,contribution,,if in discussion or in conclusion section,"if contains self ref, deictic work ref, or ""you""",,,offer% some suggestions *,1,,6,18,NULL
1910,,,,offer powerful insights,contribution,,if in discussion or in conclusion section,"if contains self ref, deictic work ref, or ""you""",,,NULL,1,,6,8,NULL
1898,,,,of ... concern,problem statement,,if in introduction,,,,NULL,1,,30,6,
1875,,,,number of challenges remain,problem statement,,if in introduction,,,,NULL,1,,30,6,
5050,,,,not yet been determined,problem statement,,if in introduction,,,,not yet been * determined,1,,30,21,NULL
6022,,,,not well understood,problem statement,,if in introduction,,,,NULL,1,,30,6,
1442,,,,not known whether,problem statement,,if in introduction,,,,NULL,0,,30,25,NULL
1835,,,,not guarantee,problem statement,,if in introduction,,,,NULL,1,,30,6,
3866,,,,not fully successful,problem statement,,if in introduction,,,,NULL,1,,30,13,
3904,,,,not feasible,problem statement,problem statement,if in introduction,,,,NULL,1,,30,13,
,,,,not enough is known about,problem statement,,if in introduction,,,,,,,30,,
,,,,not enough is known about,problem statement,,if in introduction,,,,,,,30,,
Sep13,,,,not enough is known about,problem statement,,if in introduction,,,,,,,30,,
6732,,,,not enough evidence,problem statement,,if in introduction,,,,NULL,1,,30,13,
316,,,,not enough data,problem statement,,if in introduction,,,,NULL,1,,30,6,
,,,,not enough,problem statement,,if in introduction ,,,,,,,30,,
1829,,,,not completely understood,problem statement,,if in introduction ,,,,NULL,1,,30,6,
1821,,,,not always reliable,limitation,,if in discussion or in conclusion section,,,,NULL,1,,5,6,
,,,,not all these factors are understood,limitation,,if in discussion or in conclusion section,,,,,,,5,,
,,,,not adequately operationalized,limitation,,if in conclusion,,,,,,,5,,
Sep13,,,,not a ... solution,problem statement,,if in introduction,,,,,,,30,,
,,,,not … known,problem statement,,if in introduction,,,,,,,30,,
,,,,nonetheless,problem statement,if in introduction,,,,,,,,30,,
1812,,,,no substantial evidence,problem statement,,if in introduction,,,,no * evidence,1,,30,21,NULL
1806,,,,no research,problem statement,,if in introduction ,,,,NULL,1,,30,6,
1805,,,,no previous studies,problem statement,,if in introduction ,,,,NULL,1,,30,6,
1804,,,,no previous research,problem statement,,if in introduction ,,,,NULL,1,,30,6,
1798,,,,no guarantee that,problem statement,problem statement,if in introduction,,,,NULL,1,,30,6,
1797,,,,no evidence that,problem statement,,if in introduction,,,,NULL,1,,30,21,NULL
3238,,,,new light,contribution,,if in discussion or in conclusion section,"if contains self ref, deictic work ref, or ""you""",,,NULL,1,,6,8,NULL
,,,,nevertheless,problem statement,if in introduction,,,,,,,,30,,
3853,,,,never been fully realized,problem statement,,if in introduction ,,,,NULL,1,,30,13,
1785,,,,neglect to take into account,problem statement,,if in introduction,,,,neglect to take *** into account,1,,30,6,
1784,,,,neglect to consider,problem statement,,if in introduction,,,,NULL,1,,30,6,
,,,,negative impact on,problem statement,,if in introduction,,,,,,,30,,
1780,,,,negative effect of,problem statement,,if in introduction,,,,NULL,1,,30,6,
7293,,,,negative effect,problem statement,,if in introduction,,,,NULL,1,,30,9,NULL
5341,,,,negative consequence for,problem statement,,if in introduction,,,,negative consequence% for,1,,30,9,NULL
,,,,needs to be used with a wide variety of,limitation,,,,,,,,,5,,
,,,,needs to be explored further,problem statement,if in introduction section ,,,,,,,,30,,
,,,,needs to be explored further,recommendation,if in conclusion section,,,,,,,,31,,
,,,,needs to be examined to identify,problem statement,if in introduction section ,,,,,,,,30,,
,,,,needs to be examined to identify,limitation,if in conclusion section,,,,,,,,5,,
,,,,needs to be examined to ,problem statement,if in introduction section ,,,,,,,,30,,
,,,,needs to be examined to ,limitation,if in conclusion section,,,,,,,,5,,
6240,,,,needs of,problem statement,,if in introduction,,,,needs of **,1,,30,6,
Sep13,,,,needs more,problem statement,,if in introduction,,,,,,,30,,
Sep13,,,,needs further,problem statement,,if in introduction,,,,,,,30,,
Sep13,,,,needs a more,problem statement,,if in introduction,,,,,,,30,,
,,,,need to understand ,problem statement,if early sentences of abstract,,,,,,,,30,,
,,,,need to understand ,recommendation,if in conclusion section,,,,,,,,31,,
,,,,need to be improved,problem statement,problem statement,if in introduction section,,,,,,,30,,
1775,,,,need to be examined in more detail,problem statement,,if in introduction,,,,NULL,1,,30,6,
5066,,,,need to be confirmed,problem statement,,if in introduction,,,,NULL,1,,30,21,NULL
1774,,,,need to be conducted,problem statement,,if in introduction,,,,NULL,1,,30,13,
,,,,need further investigation,problem statement,if in introduction,,,,,,,,30,,
,,,,need further investigation,recommendation,if in conclusion section,,,,,,,,31,,
,,,,need further exploration ,problem statement,if in introduction section ,,,,,,,,30,,
,,,,need further exploration ,recommendation,if in conclusion section,,,,,,,,31,,
,,,,necessary to ... understand,recommendation,if in conclusion section,,,,,,,,31,,
,,,,necessary to ... understand,problem statement,if in introduction,,,,,,,,30,,
6119,,,,necessary for understanding,contribution,,if in discussion or in conclusion section,"if contains self ref, deictic work ref, or ""you""",,,NULL,1,,6,8,NULL
,,,,must be exercised when generalizing the results,limitation,,,,,,,,,5,,
1745,,,,must be complemented by,recommendation ,,,,,,NULL,1,,31,13,
,,,,must be addressed,limitation,,if in discussion or in conclusion section,,,,,,,5,,
1744,,,,must be addressed,problem statement,,if in introduction ,,,,NULL,1,,30,13,
,,,,Much previous research has focused on ... while ,problem statement,if in introduction,,,,,,,,30,,
,,,,much less is known,limitation,,if in discussion or in conclusion section,,,,,,,5,,
1733,,,,much less is known,problem statement,,if in introduction ,,,,NULL,1,,30,6,
,,,,More research should be done to examine,problem statement,if early sentences of abstract,,,,,,,,30,,
,,,,More research should be done to,problem statement,if in introduction section ,,,,,,,,30,,
,,,,More research should be done to,recommendation,if in conclusion section,,,,,,,,31,,
,,,,model was verified,contribution,,if in conclusion section,,,,,,,8,,
,,,,mismatch between ,problem statement,,if in introduction,,,,,,,30,,
,,,,minimal amount of research,problem statement,problem statement,if in introduction ,,,,,,,30,,
3204,,,,might help you to,contribution,,,,,,might help * to,1,,8,8,NULL
7529,,,,merits special attention,problem statement,,if in introduction ,,,,merit% special attention,1,,30,6,
,,,,merit further investigation,limitation,,if in discussion or in conclusion sections,,,,,,,5,,
1642,,,,merit further investigation,problem statement,,if in introduction ,,,,merit% further *,1,,30,6,
Sep13,,,,merit attention,limitation,,if in discussion or in conclusion sections,,,,,,,5,,
6370,,,empirical ,measurement bias,limitation,,if in discussion or in conclusion sections,,,,NULL,1,,5,6,
Sep13,,,,may shed further light,contribution,,if in discussion or in conclusion section,"if contains self ref, deictic work ref, or ""you""",,,,,,6,,
,,,,may reflect … rather than,limitation,if in conclusion section,,,,,,,,5,,
Sep13,,,,may provide a better,contribution,,if in discussion or in conclusion section,"if contains self ref, deictic work ref, or ""you""",,,,,,6,,
3203,,,,may help you to,contribution,,,,,,may help * to,1,,8,8,NULL
,,,,may help to,contribution,,if in conclusion section,,,,,,,8,,
,,,,may have influenced our,limitation,,,,,,,,,5,,
Sep13,,,,may have contributed,contribution,,,,,,,,,8,,
,,,,mask differences across,problem statement,if in introduction,,,,,,,,30,,
,,,,mask differences across,limitation,if in conclusion section,,,,,,,,5,,
1587,,,,map the territory,contribution,,if in conclusion,,,,NULL,1,,6,6,
1577,,,,major limitations of,limitation,,if in discussion or in conclusion sections,,,,NULL,1,,5,13,
3829,,,,major limitation,limitation,,if in discussion or in conclusion sections,,,,NULL,1,,5,13,
,,,,loss of ,problem statement,,if in introduction ,,,,,,,30,,
,,,,Longitudinal ... is clearly warranted,recommendation ,if in conclusion section,,,,,,,,31,,
1552,,,,little research,problem statement,,if in introduction ,,,,NULL,1,,30,6,
4412,,,,little progress has been made,problem statement,,if in introduction ,,,,NULL,1,,30,13,
,,,,little or no consensus,problem statement,if in introduction,,,,,,,,30,,
1549,,,,little is known about,problem statement,,if in introduction ,,,,NULL,1,,30,6,
,,,,little is known about,problem statement,,if in introduction,,,,,,,30,,
Sep13,,,,little attention has been paid to,problem statement,problem statement,if in introduction ,,,,,,,30,,
Sep13,,,,little attention has been,problem statement,problem statement,if in introduction ,,,,,,,30,,
3998,,,,little agreement as to,problem statement,,if in introduction ,,,,* agreement as to,1,,30,6,
1540,,,,little accumulated research,problem statement,,if in introduction ,,,,NULL,1,,30,6,
,,,,little … progress,problem statement,problem statement,if in introduction,,,,,,,30,,
Sep13,,,,limited-coverage,limitation,,if in discussion or in conclusion sections,,,,,,,5,,
,,,,limited understanding,problem statement,problem statement,if in introduction,,,,,,,30,,
,,,,limited the ability of the study to,limitation,if in conclusion section,,,,,,,,5,,
,,,,limited data available,problem statement,,if in introduction,,,,,,,30,,
245,,,,limited data available,limitation,,if in discussion or in conclusion sections,,,,NULL,1,,5,6,
,,,,limited data,problem statement,,if in introduction,,,,,,,30,,
1532,,,,limited data,limitation,,if in discussion or in conclusion sections,,,,NULL,1,,5,6,
Sep13,,,,limitations of this study,limitation,,"if appears in discussion or 
conclusion sections",,,,,,,5,,
,,,,Limitations of the present study provide avenues for further research ,limitation,if in conclusion section,,,,,,,,5,,
1529,,,,limitations of our study,limitation,,if in discussion or in conclusion sections,,,,NULL,1,,5,13,
3941,,,,limitations need to be,limitation,,if in discussion or in conclusion sections,,,,limitation% need% to be,1,,5,13,
3821,,,,limitations,limitation,,if in discussion or in conclusion sections,,,,NULL,1,,5,13,
1530,,,,limitation of,limitation,,if in discussion or in conclusion sections,,,,NULL,1,,5,13,
1528,,,,limitation needs to be  pointed out,limitation,,if in discussion or in conclusion sections,,,,NULL,1,,5,13,
1527,,,,limitation needs to be,limitation,,if in discussion or in conclusion sections,,,,NULL,1,,5,13,
3822,,,,limitation,limitation,,if in discussion or in conclusion sections,,,,limitation%,1,,5,13,
,,,,likely to be a major factor in ,problem statement,if in introduction,,,,,,,,30,,
,,,,light of its limitations,limitation,,,,,,,,,5,,
1511,,,,less than adequate,problem statement,,if in introduction,,,,NULL,1,,30,6,
Sep13,,,,less is known about,problem statement,,if in introduction,,,,,,,30,,
6043,,,,less is known,problem statement,,if in introduction,,,,NULL,1,,30,6,
,,,,lent further impetus,contribution,,,if in conclusion,,,,,,8,,
Sep13,,,,lent further impetus,contribution,,,,,,,,,6,,
Sep13,,,,lends support to,contribution,contribution,,if in conclusion,,,,,,6,,
1494,,,,larger sample population,limitation,,if in discussion or in conclusion sections,,,,NULL,1,,5,6,
,,,,largely depends on,problem statement,if in introduction,,,,,,,,30,,
,,,,lack of sufficiently … has,problem statement,,if in introduction,,,,,,,30,,
7266,,,,lack of ... has restricted,problem statement,,if in introduction,,,,lack of *** restricted,1,,30,10,expression and all words that come after the expression are red expression two fonts bigger program underlines the expression program bolds the expression  expression can start with a small or capital letter
7264,,,,lack of … has prevented,problem statement,,if in introduction,,,,lack of ** prevent%,1,,30,10,expression and all words that come after the expression are red expression two fonts bigger program underlines the expression program bolds the expression  expression can start with a small or capital letter
,,,,lack of,problem statement,,if in introduction ,,,,,,,30,,
Sep13,,,,labour intensive,problem statement,,if in introduction,,,,,,,30,,
,,,,labor-intensive,problem statement,,if in introduction,,,,,,,30,,
,,,,it would be helpful for future research to,recommendation,,,,,,,,,31,,
7634,how can this be attached to a article-self-ref?,off,,it would be expected that,hypothesis/research question  ,research question,self ref,deictic work ref,,,NULL,1,,25,25,NULL
,,,,it remains unclear whether,limitation,if conclusion,,,,,,,,5,,
,,,,it remains unclear whether,problem statement,if in introduction section ,,,,,,,,30,,
,,,,it needs to be acknowledged that there are limitations to,limitation,if in conclusion section,,,,,,,,5,,
,,,,It may also be fruitful to explore,recommendation,,,,,,,,,31,,
,,,,It is therefore suggested that,recommendation,if in conclusion section,,,,,,,,31,,
,,,,It is proposed to maintain  ,recommendation ,,if in conclusion section,,,,,,,31,,
,,,,It is important to understand ...limitations of the study,limitation,,,,,,,,,5,,
,,,,it is important to understand,problem statement,if in introduction,,,,,,,,30,,
,,,,it is important to understand,recommendation,if in conclusion section,,,,,,,,31,,
,,,,It is feasible that … are also contributing,limitation,if in conclusion section,,,,,,,,5,,
,,,,issues which must be addressed,limitation,,if in discussion or in conclusion section,,,,,,,5,,
1401,,,,issues which must be addressed,problem statement,,if in introduction ,,,,issue% ** be addressed,1,,30,6,
,,,,Issues related to ... have become a crucial component of,problem statement,if in introduction,,,,,,,,30,,
1395,,,,issue of reliability,limitation,,if in discussion or in conclusion sections,,,,NULL,1,,5,6,
,,,,issue of ... remain unanswered,limitation,,if in discussion or in conclusion section,,,,,,,5,,
1396,,,,issue of ... remain unanswered,problem statement,,if in introduction ,,,,issue% of *** remain% unanswered,1,,30,6,
,,,,is fragmented,problem statement,if in introduction,,,,,,,,30,,
,,,,is essential to,problem statement,if in introduction,,,,,,,,30,,
,,,,is a useful tool to,contribution,if in conclusion section,,,,,,,,8,,
,,,,is a subject for further research,recommendation,,,,,,,,,31,,
Sep13,,,,intended as a stepping-stone,contribution,contribution,if in discussion or in conclusion section,"if contains self ref, deictic work ref, or ""you""",,,,,,6,,
1342,,,,insufficient sample size,limitation,,if in discussion or in conclusion sections,,,,NULL,1,,5,6,
,,,,insufficient research,limitation,limitation,if in discussion or in conclusion section,,,,,,,5,,
1341,,,,insufficient research,problem statement,problem statement,if in introduction ,,,,NULL,1,,30,6,
,,,,insufficient evidence,limitation,limitation,if in discussion or in conclusion section,,,,,,,5,,
6731,,,,insufficient evidence,problem statement,,if in introduction ,,,,NULL,1,,30,21,NULL
,,,,insufficient data,limitation,,if in discussion or in conclusion section,,,,,,,5,,
1339,,,,insufficient data,problem statement,,if in introduction ,,,,NULL,1,,30,6,
3237,,,,insights,contribution,,if in discussion or in conclusion section,"if contains self ref, deictic work ref, or ""you""",,,insight%,1,,6,8,NULL
3236,,,,insight into,contribution,,if in discussion or in conclusion section,"if contains self ref, deictic work ref, or ""you""",,,NULL,1,,6,8,NULL
1321,,,,ineffective,problem statement,,if in introduction,,,,NULL,1,,30,13,
,,,,indicating significant … hazard,problem statement,if in introduction,,,,,,,,30,,
,,,,indicates a gap between,problem statement,if early sentences of abstract,,,,,,,,30,,
7386,,,,increasingly widespread,problem statement,,if in introduction ,,,,NULL,1,,30,6,
Sep13,,,,increasingly in need of,problem statement,,if in introduction ,,,,,,,30,,
1310,,,,increasingly important to,problem statement,,if in introduction,,,,NULL,1,,30,13,
1309,,,,increasingly aware of,problem statement,,if in introduction ,,,,NULL,1,,30,6,
1303,,,,increased need for,problem statement,,if in introduction ,,,,NULL,1,,30,6,
6902,,,,increased awareness of,contribution,,if in discussion or in conclusion section,"if contains self ref, deictic work ref, or ""you""",,,* awareness of,1,,6,8,NULL
1294,,,,inconsistent with,problem statement,,if in introduction,,,,NULL,1,,30,6,
1291,,,,inconsistent,problem statement,,if in introduction,,,,NULL,1,,30,6,
1290,,,,inconclusive,problem statement,,if in introduction,,,,NULL,1,,30,13,
1289,,,,incomplete,problem statement,,if in introduction ,,,,NULL,1,,30,13,
Sep13,,,,Incompatibility between,problem statement,,if in introduction ,,,,,,,30,,
3318,,,,in the aftermath,problem statement,,if in introduction section,,,,NULL,1,,30,9,NULL
1255,,,,in order to solve this problem,problem statement,,if in introduction section,not marker of purpose-own if no self ref or deictic ref,,,NULL,1,,30,22,NULL
1254,,,,in order to solve,problem statement,,if in introduction section,not marker of purpose-own if no self ref or deictic ref,,,NULL,1,,30,22,NULL
,,,,in order to address this gap,problem statement,if in introduction,,,,,,,,30,,
,,,,in order to address this gap,recommendation,if in conclusion section,,,,,,,,31,,
1433,,,,important to understand that,contribution,,if in discussion or in conclusion section,"if contains self ref, deictic work ref, or ""you""",,,NULL,1,,6,8,NULL
1432,,,,important to understand,contribution,,if in discussion or in conclusion section,"if contains self ref, deictic work ref, or ""you""",,,NULL,1,,6,8,NULL
1161,should paper be extended to any self ref or just paper and study as prescribed?,,,hypothesis of this study,hypothesis/research question  ,research question,self ref,deictic work ref,,,NULL,1,,25,25,NULL
Sep13,should paper be extended to any self ref or just paper and study as prescribed?,,,hypothesis investigated in this paper,hypothesis/research question  ,research question,self ref,deictic work ref,,,,,,25,,
,,,,hypothesis examined,hypothesis/research question  ,question,if no self ref and deictic work references,,,,,,,25,,
,,,,hypotheses:,hypothesis/research question  ,question,if no self ref and deictic work references,,,,,,,25,,
,,,,hypotheses were investigated,hypothesis/research question  ,question,if no self ref and deictic work references,,,,,,,25,,
,,,,hypotheses were examined,hypothesis/research question  ,question,if no self ref and deictic work references,,,,,,,25,,
Sep13,matan - cleared suprfluous column G and H,,,hypotheses investigated in this paper,hypothesis/research question  ,research question,,,,,,,,25,,
,,,,however… remains,problem statement,,if in introduction,,,,,,,30,,
,,,,"However, there are still limitations to this questionnaire",limitation,,,,,,,,,5,,
,,,,"However, most research has … solely",problem statement,if in introduction,,,,,,,,30,,
,,,,"However, most research has … only",problem statement,if in introduction,,,,,,,,30,,
3746,,,,"however, little evidence",problem statement,,if in introduction,,,,NULL,1,,30,6,
,,,,"however, further validation is needed in order to ",limitation,,,,,,,,,5,,
,,,,"However, extraneous factors",limitation,,,,,,,,,5,,
,,,,however,problem statement,if in introduction,,,,,,,,30,,
,,,,how our results generalize to other …,limitation,,,,,,,,,5,,
,,,,highlights a potential way forward,contribution,if in conclusion section,,,,,,,,8,,
3211,,,,helps you to appreciate,contribution,,,,,,help% you to appreciate,1,,8,8,NULL
3210,,,,helps you to,contribution,,,,,,NULL,1,,8,8,NULL
3215,,,,helps you,contribution,,,,,,help% you,1,,8,8,NULL
3234,,,,helps to reveal,contribution,,if in discussion or in conclusion section,"if contains self ref, deictic work ref, or ""you""",,,help% to reveal,1,,6,8,NULL
3233,,,,helps to highlight,contribution,,if in discussion or in conclusion section,"if contains self ref, deictic work ref, or ""you""",,,help% to highlight,1,,6,8,NULL
,,,,helpful for future research to,recommendation,,,,,,,,,31,,
3212,,,,help you to understand,contribution,,,,,,NULL,1,,8,8,NULL
3100,,,,help you to,contribution,,,,,,help% you to,1,,8,8,NULL
3209,,,,help you,contribution,,,,,,help% you,1,,8,8,NULL
3202,,,,help us,contribution,,,,,,help% us,1,,8,8,NULL
6305,,,,help to explain,contribution,,if in discussion or in conclusion section,"if contains self ref, deictic work ref, or ""you""",,,help% to explain,1,,6,8,NULL
1108,,,,heighten your awareness of,contribution,,,,,,heighten% * awareness of,1,,8,6,
,,,,hazardous,problem statement,if in introduction,,,,,,,,30,,
Sep13,,,,have yet to,problem statement,,if in introduction,,,,,,,30,,
5032,,,,have to be interpreted with a certain amount of caution,limitation,,if in discussion or in conclusion sections,,,,NULL,1,,5,21,NULL
5031,,,,have to be interpreted with,limitation,,if in discussion or in conclusion sections,,,,* be interpreted with,1,,5,21,NULL
,,,,have not yet been,problem statement,,if in introduction,,,,,,,30,,
,,,,have not reached consensus,problem statement,if in introduction,,,,,,,,30,,
,,,,have not reached … consensus,problem statement,if in introduction,,,,,,,,30,,
5030,,,,have not been determined,problem statement,,if in introduction,,,,NULL,1,,30,6,
7600,,,,have ... no data,problem statement,problem statement,if in introduction,,,,have found ** data,1,,30,21,NULL
,,,,has produced mixed results ,problem statement,,,,,,,,,30,,
5025,,,,has not been determined,problem statement,,if in introduction,,,,NULL,1,,30,21,NULL
7261,,,,has lacked,problem statement,,if in introduction,,,,NULL,1,,30,13,
2860,,,,has its problems,problem statement,,if in introduction,,,,has *** problems,1,,30,6,
,,,,has focused on ... while overlooking ,problem statement,if in introduction,,,,,,,,30,,
,,,,has developed a better understanding of,contribution,if in conclusion section,,,,,,,,8,,
Sep13,,,,has been criticized,problem statement,,if in introduction,,,,,,,30,,
,,,,has been criticised for,problem statement,if early sentences of abstract,,,,,,,,30,,
7659,,,,guide us,contribution,,,,,,NULL,1,,8,8,NULL
1079,,,,greatly reduced,problem statement,,if in introduction,,,,NULL,1,,30,9,NULL
3208,,,,gives you,contribution,,,,,,give% you,1,,8,8,NULL
,,,,Future work should also explore,recommendation,if in conclusion section,,,,,,,,31,,
,,,,Future work is also necessary to,recommendation,,,,,,,,,31,,
,,,,Future work could also explore,problem statement,if in introduction,,,,,,,,30,,
,,,,Future work,recommendation,,,,,,,,,31,,
1051,,,,future studies should control for,recommendation ,,,,,,NULL,1,,31,6,
1050,,,,future studies should,recommendation ,,,,,,NULL,1,,31,6,
,,,,future studies should,recommendation,,,,,,,,,31,,
,,,,Future studies might include,recommendation ,if in conclusion section,,,,,,,,31,,
Sep13,,,,future studies are needed,recommendation ,,,,,,,,,31,,
,,,,future researchers should examine,recommendation,,,,,,,,,31,,
,,,,Future researchers may wish to,recommendation,,,,,,,,,31,,
,,,,"future research, therefore, should be conducted",problem statement,if in introduction section ,,,,,,,,30,,
,,,,"future research, therefore, should be conducted",recommendation,if conclusion,,,,,,,,31,,
,,,,future research should investigate,recommendation ,,if in conclusion section,,,,,,,31,,
,,,,Future research should include ,problem statement,if in introduction section ,,,,,,,,30,,
,,,,Future research should include ,recommendation,if in conclusion section,,,,,,,,31,,
,,,,Future research should focus on,recommendation,,,,,,,,,31,,
,,,,future research should be conducted ,problem statement,if in introduction section ,,,,,,,,30,,
,,,,future research should be conducted ,recommendation,if conclusion,,,,,,,,31,,
,,,,Future research should attempt to establish statistically significant evidence,recommendation,if in conclusion section,,,,,,,,31,,
,,,,future research should attempt to,problem statement,if in introduction,,,,,,,,30,,
,,,,future research should attempt to,recommendation,if in conclusion section,,,,,,,,31,,
,,,,Future research should,problem statement,if in introduction,,,,,,,,30,,
,,,,Future research should,recommendation,if in conclusion section,,,,,,,,31,,
,,,,future research might use a ... to explore,recommendation,,,,,,,,,31,,
,,,,Future research might examine,recommendation,,,,,,,,,31,,
,,,,Future research might ,recommendation,,,,,,,,,31,,
,,,,future research is warranted ,recommendation ,,if in conclusion section,,,,,,,31,,
,,,,future research could expand,recommendation,,,,,,,,,31,,
,,,,Future research could,problem statement,if in introduction,,,,,,,,30,,
,,,,Future research could,recommendation,if in conclusion section,,,,,,,,31,,
,,,,Future research ,recommendation ,if in conclusion section,,,,,,,,31,,
6012,,,,future research,recommendation ,,,,,,NULL,1,,31,6,
,,,,future research,problem statement,if in introduction,,,,,,,,30,,
Sep13,,,,future investigations should,recommendation ,,,,,,,,,31,,
,,,,further work needs to be done before,recommendation ,,if in conclusion section,,,,,,,31,,
,,,,further validation is needed ,limitation,,,,,,,,,5,,
,,,,further validation is however needed in order to confirm,limitation,,,,,,,,,5,,
1046,,,,further studies that investigate,recommendation ,,,,,,NULL,1,,31,6,
5010,,,,further studies should control for,recommendation ,,,,,,NULL,1,,31,21,NULL
6729,,,,further studies should,recommendation ,,,,,,further * should,1,,31,13,
,,,,Further studies could examine the relationship among,recommendation,if in conclusion section,,,,,,,,31,,
,,,,Further studies are suggested,problem statement,if in introduction section ,,,,,,,,30,,
,,,,Further studies are suggested,recommendation,if in conclusion section,,,,,,,,31,,
,,,,Further research needs to be conducted,recommendation ,,if in conclusion section,,,,,,,31,,
,,,,further research is required to understand,problem statement,if in introduction,,,,,,,,30,,
,,,,further research is required to understand,recommendation,if in conclusion section,,,,,,,,31,,
,,,,Further research is needed to elucidate whether,problem statement,if in introduction,,,,,,,,30,,
,,,,Further research is needed to elucidate whether,recommendation,if in conclusion section,,,,,,,,31,,
,,,,Further research is needed to clarify whether,problem statement,if in introduction,,,,,,,,30,,
,,,,Further research is needed to clarify whether,recommendation,if in conclusion section,,,,,,,,31,,
,,,,further research is needed to address,problem statement,if early sentences of abstract,,,,,,,,30,,
,,,,further research is needed,limitation,,if in discussion or in conclusion section ,,,,,,,5,,
1044,,,,further research is needed,problem statement,,if in introduction,,,,further research is *,1,,30,6,
,,,,further research ,recommendation,if in conclusion section,,,,,,,,31,,
,,,,further longitudinal research is,problem statement,if in introduction,,,,,,,,30,,
,,,,further longitudinal research is,recommendation,if in conclusion section,,,,,,,,31,,
7380,,,,form a framework for,contribution,,if in discussion or in conclusion section,"if contains self ref, deictic work ref, or ""you""",,,form% a * framework for,1,,6,8,NULL
6120,,,,for understanding,contribution,,if in discussion or in conclusion section,"if contains self ref, deictic work ref, or ""you""",,,NULL,1,,6,8,NULL
6852,,,,for future research,recommendation ,,,,,,NULL,1,,31,6,
1007,matan,,,following question,hypothesis/research question  ,research question,self ref,deictic work ref,,,following question%,1,,25,25,NULL
6926,,,,few studies have specifically addressed,problem statement,,if in introduction section,,,,few studies have * addressed,1,,30,7,NULL
,,,,few if any,problem statement,,if in introduction,,,,,,,30,,
,,,,few existing empirical studies have addressed,problem statement,,if in introduction,,,,,,,30,,
,,,,few existing empirical studies have,problem statement,,if in introduction,,,,,,,30,,
,,,,far less is known about,problem statement,if in introduction,,,,,,,,30,,
,,,,far less is known about,recommendation,if in conclusion section,,,,,,,,31,,
,,,,extended research is necessary ,problem statement,if in introduction,,,,,,,,30,,
,,,,extended research is necessary,recommendation,if in conclusion section,,,,,,,,31,,
,,,,"explained above, this ... was not able to",limitation,,,,,,,,,5,,
7627,,,,expand awareness,contribution,,if in discussion or in conclusion section,"if contains self ref, deictic work ref, or ""you""",,,expand ** awareness,1,,6,8,NULL
,,,,exists the possibility that the differences between the experimental and control groups,limitation,,,,,,,,,5,,
,,,,exists the possibility that the differences between ... groups,limitation,,,,,,,,,5,,
,,,,even though the sample size in this … was,limitation,,,,,,,,,5,,
3227,,,,enables you to understand,contribution,,,,,,enable% * to understand,1,,8,8,NULL
3226,,,,enables you to,contribution,,,,,,enable% * to see,1,,8,8,NULL
,,,,enables  us  to  detect,contribution,,,,,,,,,8,,
3207,,,,enabled us to,contribution,,,,,,enable% us to,1,,8,8,NULL
785,,,,enable you to,contribution,,,,,,enable% * to,1,,8,8,NULL
784,,,,enable us to,contribution,,,,,,enable% us to,1,,8,8,NULL
3703,matan,,,doubts as to,problem statement,,,if in introduction section,,,NULL,1,,30,13,
,,,,does not give adequate information on ,limitation,,if in conclusion section,,,,,,,5,,
708,,,,directions for future research,recommendation ,,,,,,NULL,1,,31,6,
4158,,,,directions for further research,recommendation ,,,,,,NULL,1,,31,6,
707,,,,directions for additional research,recommendation ,,,,,,NULL,1,,31,6,
,,,,difficult to draw firm conclusions given the small sample size and the difficulties,limitation,,,,,,,,,5,,
,,,,difficult to draw firm conclusions ,limitation,,,,,,,,,5,,
694,,,,difficult to distinguish,problem statement,,if in introduction,,,,NULL,1,,30,6,
,,,,did not provide for,limitation,,if in conclusion section,,,,,,,5,,
,,,,did not allow for,limitation,,if in conclusion section,,,,,,,5,,
,,,,"Despite the importance of the findings, there were a number of limitations to the ",limitation,,if in conclusion section,,,,,,,5,,
,,,,despite the fact that,problem statement,if in introduction section ,,,,,,,,30,,
611,,,,deeper understanding of,contribution,,if in discussion or in conclusion section,"if contains self ref, deictic work ref, or ""you""",,,NULL,1,,6,8,NULL
612,,,,deepen your understanding of,contribution,,,,,,deepen% * understanding of,1,,8,8,NULL
Sep13,,,,data sparseness,limitation,,if in discussion or in conclusion section,,,,,,,5,,
,,,,danger of,problem statement,if in introduction,,,,,,,,30,,
579,,,,crucial link between,contribution,,if in discussion or in conclusion section,"if contains self ref, deictic work ref, or ""you""",,,NULL,1,,6,8,NULL
7263,,,,creates a conceptual framework,contribution,,if in discussion or in conclusion section,"if contains self ref, deictic work ref, or ""you""",,,create% a conceptual framework,1,,6,8,NULL
,,,,could be used effectively as a,contribution,,if in conclusion section,,,,,,,8,,
,,,,could be influencing our results,limitation,,,,,,,,,5,,
,,,,convenience sampling framework,limitation,,,,,,,,,5,,
Sep13,,,,contributions of this,contribution,,,,,,,,,8,,
6013,,,,contributions,contribution,,,,,,contribution%,1,,8,6,
532,,,,contribution to,contribution,,,,,,NULL,1,,8,6,
Sep13,,,,contribution of this,contribution,,,,,,,,,8,,
Sep13,,,,contribution of,contribution,,,,,,,,,8,,
530,,,,contribution,contribution,,,,,,NULL,1,,8,6,
3224,,,,contributes to your understanding of,contribution,,,,,,contribute% to * understanding of,1,,8,8,NULL
,,,,contributes to the research on … by examining,contribution,,if in conclusion section,,,,,,,8,,
529,,,,contributes to an understanding of...,contribution,,,,,,contribute% to an understanding of,1,,8,8,NULL
,,,,constitute a potential … hazard to,problem statement,if in introduction,,,,,,,,30,,
,,,,complex and multi-faceted issue,problem statement,if early sentences of abstract,,,,,,,,30,,
,,,,clarify the relationship between,contribution,,,,,,,,,8,,
400,,,empirical ,clarification of the relationship between,contribution,,if in discussion or in conclusion section,"if contains self ref, deictic work ref, or ""you""",,,NULL,1,,6,8,NULL
,,,,circumvent the need ,contribution,,if in conclusion section,,,,,,,8,,
,,,,challenge remains,limitation ,,if in discussion or in conclusion section,,,,,,,6,,
381,,,,challenge remains,problem statement,,if appears in introduction,,,,NULL,1,,30,6,
6894,,,,certain amount of caution,limitation,limitation,,if appears after results section or in conclusions section,,,NULL,1,,13,13,
373,,,,central to our understanding of,contribution,,,,,,central to ** understanding of,1,,8,8,NULL
,,,,central issue,problem statement,,,if in introduction section,,,,,,30,,
Sep13,,,,caution must be used,limitation,,"if appears in discussion or 
in conclusion sections",,,,,,,6,,
,,,,caution must be exercised when ,limitation,,,,,,,,,5,,
Sep13,,,,caution is warranted,limitation,,"if appears in discussion or 
in conclusion sections",,,,,,,6,,
349,,,,cannot be generalized,limitation,,"if appears in discussion or 
in conclusion sections",,,,NULL,1,,5,21,NULL
6615,,,,can help you to,contribution,,,,,,can help * to,1,,8,8,NULL
3217,,,,can contribute to,contribution,,,,,,* contribute% to,1,,8,8,NULL
Sep13,,,,can be used,recommendation ,,,,,,,,,31,,
6346,,,,call into question,problem statement,,if in introduction,,,,NULL,1,,30,16,NULL
Sep13,,,,biases,limitation ,,if in discussion or in conclusion section,,,,,,,6,,
292,,,empirical ,bias associated with,limitation ,,if in discussion or in conclusion section,,,,NULL,1,,6,6,
6867,,,,better understanding of,contribution,,if in discussion or in conclusion section,"if contains self ref, deictic work ref, or ""you""",,,* understanding of,1,,6,8,NULL
3223,,,,benefits were,contribution,,if in discussion or in conclusion section,"if contains self ref, deictic work ref, or ""you""",,,* benefits **,1,,6,8,NULL
3222,,,,benefits include,contribution,,if in discussion or in conclusion section,"if contains self ref, deictic work ref, or ""you""",,,NULL,1,,6,8,NULL
6631,,,,benefits are,contribution,,if in discussion or in conclusion section,"if contains self ref, deictic work ref, or ""you""",,,* benefits **,1,,6,8,NULL
3221,,,,benefit is,contribution,,if in discussion or in conclusion section,"if contains self ref, deictic work ref, or ""you""",,,benefit% *,1,,6,8,NULL
,,,,been disappointing,problem statement,,if in introduction ,,,,,,,30,,
Sep13,,,,avenues of future research,recommendation ,,,,,,,,,31,,
Sep13,,,,avenues of future,recommendation ,,,,,,,,,31,,
Sep13,,,,avenues for improvement,recommendation ,,,,,,,,,31,,
Sep13,,,,avenue for improvement,recommendation ,,,,,,,,,31,,
Sep13,,,,attempts should be made,recommendation ,recommendation,,,,,,,,31,,
,matan,,,attempt to fill this gap between,problem statement,,,if in introduction ,,,,,,30,,
196,,,,as yet no,problem statement,,if in introduction section,,,,NULL,1,,30,6,
4106,matan,,,as predicted,hypothesis/research question  ,research question,self ref,deictic work ref,,,,0,,26,25,NULL
7993,matan,,,as hypothesized,hypothesis/research question  ,research question,self ref,deictic work ref,,,NULL,1,,25,25,NULL
172,,,,areas for further research,recommendation ,future research,,if appears in conclusion section,,,NULL,1,,6,6,
169,,,,are still not completely understood,problem statement,problem statement,,if appears in Introduction section,,,NULL,1,,30,6,
,,,,are required,problem statement,,if in introduction section,,,,,,,30,,
,,,,are needed ,problem statement,,if in introduction section,,,,,,,30,,
,,,,are much higher … than,problem statement,if in introduction,,,,,,,,30,,
,,,,are a precious resource and it important that,problem statement,if in introduction,,,,,,,,30,,
,,,,appear to be inconsistent with,problem statement,if in introduction,,,,,,,,30,,
,,,,Another potential limitation is,limitation,,,,,,,,,5,,
,,,,Another possible limitation relates to,limitation,,,,,,,,,5,,
,,,,Another important area of future inquiry concerns,recommendation,,,,,,,,,31,,
119,,,,anecdotal results,limitation,,,if appears after results section or in conclusions section,,,NULL,1,,6,6,
118,,,,anecdotal evidence,limitation,,,if appears after results section or in conclusions section,,,NULL,1,,6,6,
,,,,and raise questions about causal direction,limitation,,,,,,,,,5,,
Sep13,,,,an understanding of,contribution,,if in discussion or in conclusion section,"if contains self ref, deictic work ref, or ""you""",,,,,,6,,
,,,,An interesting line of future research could be ,recommendation ,,if in conclusion section,,,,,,,31,,
,,,,an effective ... for,contribution,,if in discussion or in conclusion section,"if contains self ref, deictic work ref, or ""you""",,,,,,8,,
,,,,Although this limitation is partially offset by,limitation,,,,,,,,,5,,
,,,,"Although potential benefits … could be …, … face … challenge",problem statement,,,,,,,,,30,,
,,,,although it leads to  ... problems ,problem statement,,if in introduction section ,,,,,,,30,,
,,,,although,problem statement,if in introduction sec,,,,,,,,30,,
,matan,,,almost no,problem statement,,,if in introduction section,,,,,,30,,
81,,,,allows you to,contribution,contribution,,,,,NULL,1,,8,8,NULL
7633,,,,allows us to,contribution,contribution,,,,,allows * to,1,,8,6,
,,,,allows the treatment of,contribution,,if in introduction section,,,,,,,8,,
3220,,,,allow you to see,contribution,contribution,,,,,* allow% * to see,1,,8,8,NULL
3206,,,,allow you to,contribution,contribution,,,,,* allow% * to,1,,8,8,NULL
3219,,,,allow you  to understand,contribution,contribution,,,,,* allow% you to *,1,,8,8,NULL
79,,,,allow us to,contribution,contribution,,,,,* allow% us to,1,,8,8,NULL
,matan,,,alarming rate,problem statement,,,if in introduction section,,,,,,30,,
,,,,addresses only the question of,limitation,,,if appears after results section or in conclusions section,,,,,,5,,
,,,,addressed the need for,contribution,,,if in conclusion section,,,,,,8,,
,matan,,,address the problem,problem statement,,,if in introduction section,,,,,,30,,
,matan,,,address the needs of,problem statement,,,if in introduction section,,,,,,30,,
,,,,additonal benefit,contribution,,,if in conclusion section,,,,,,8,,
,,,,additional studies are required,problem statement,,,if appears in Introduction,,,,,,30,,
40,,,,additional studies are required,limitation,,,if appears after results section or in conclusions section,,,NULL,1,,6,6,
,,,,additional research is required,problem statement,,,if appears in Introduction,,,,,,30,,
42,,,,additional research is required,limitation,,,if appears after results section or in conclusions section,,,NULL,1,,6,6,
,,,,additional research is also needed to investigate,problem statement,if in introduction,,,,,,,,30,,
,,,,additional research is also needed to investigate,recommendation,if in conclusion section,,,,,,,,31,,
,,,,additional clarification is needed,problem statement,,if in introduction section,,,,,,,30,,
Sep13,,,empirical,additional analyses should examine,recommendation ,,if in conclusion section,,,,,,,31,,
,,,,added value,contribution,,,if in conclusion section,,,,,,8,,
,,,,a potential limitation of this research,limitation,,,,,,,,,5,,
,,,,a possibility we leave open for exploration in future research,recommendation,,,,,,,,,31,,
,,,,a paucity of data,problem statement,,,if appears in Introduction section,,,,,,30,,
,,,,a number of limitations do exist,limitation,,,,,,,,,5,,
,,,,a number of limitations ,limitation,,,,,,,,,5,,
4918,,,,a number of limitations,limitation,limitation,,if appears after results section or in conclusions section,,,NULL,1,,13,13,
,,,,a need to identify factors that impact,limitation,if in conclusion section,,,,,,,,5,,
,,,,A major limitation of the current study was the composition of the ,limitation,if in conclusion section,,,,,,,,5,,
,,,,A major limitation of the current study was ,limitation,if in conclusion section,,,,,,,,5,,
,,,,A limitation specific to,limitation,,,,,,,,,5,,
,,,,A first limitation is our methodological,limitation,,,,,,,,,5,,
,,,,A first limitation is ,limitation,,,,,,,,,5,,
,,,,A finer-grained … is necessary to … understand ,problem statement,if in introduction,,,,,,,,30,,
,,,,A finer-grained … is necessary to … understand ,recommendation,if in conclusion section,,,,,,,,31,,
,,,,a clear need for research in this area since ,problem statement,,,,,,,,,30,,
6888,matan,,,our hypotheses,hypothesis/research question  ,research question,self ref,deictic work ref,,,NULL,1,,25,25,NULL
7926,matan added ordinal,,,{ordinal number} hypothesis,hypothesis/research question  ,research question,self ref,deictic work ref,,,NULL,1,,25,25,NULL
7962,matan,,,we also expected that,hypothesis/research question  ,research question,self ref,deictic work ref,,,NULL,1,,25,25,NULL
7882,matan,,,we address the question of,hypothesis/research question  ,research question,self ref,deictic work ref,,,NULL,1,,25,25,NULL
7917,matan,,,tested the following hypothesis,hypothesis/research question  ,research question,self ref,deictic work ref,,,NULL,1,,25,25,NULL
6154,matan,,,we test whether,hypothesis/research question  ,research question,self ref,deictic work ref,,,NULL,0,,25,25,NULL
2788,matan,,,test the hypothesis,hypothesis/research question  ,research question,self ref,deictic work ref,,,NULL,1,,25,25,NULL
7674,matan,,,set of research questions,hypothesis/research question  ,research question,self ref,deictic work ref,,,NULL,1,,25,25,NULL
7891,matan,,,Semantic Parsing using Distributional Semantics and Probabilistic Logic,hypothesis/research question  ,research question,self ref,deictic work ref,,,NULL,1,,25,25,NULL
6917,matan,,,research questions were as follows,hypothesis/research question  ,research question,self ref,deictic work ref,,,NULL,1,,25,25,NULL
7897,matan,,,research questions were,hypothesis/research question  ,research question,self ref,deictic work ref,,,NULL,1,,25,25,NULL
7909,matan,,,research questions,hypothesis/research question  ,research question,self ref,deictic work ref,,,NULL,1,,25,25,NULL
1990,matan,,,research question was,hypothesis/research question  ,research question,self ref,deictic work ref,,,NULL,1,,25,25,NULL
6513,matan,,,our prediction,hypothesis/research question  ,research question,self ref,deictic work ref,,,NULL,1,,25,25,NULL
6496,,,,We predicted that,hypothesis/research question  ,research question,self ref,deictic work ref,,,NULL,1,,25,25,NULL
7928,,,,we posit that,hypothesis/research question  ,research question,self ref,deictic work ref,,,,25,1,25,NULL,NULL
7894,matan,,,we predicted,hypothesis/research question  ,research question,self ref,deictic work ref,,,NULL,1,,25,25,NULL
7893,matan,,,it was hypothesized that,hypothesis/research question  ,research question,self ref,deictic work ref,,,NULL,1,,25,25,NULL
6155,matan,,,hypothesized that,hypothesis/research question  ,research question,self ref,deictic work ref,,,NULL,1,,25,25,NULL
Sep13,matan,,,hypothesized as,hypothesis/research question  ,research question,self ref,deictic work ref,,,,,,25,,
8014,matan,,,hypothesis:,hypothesis/research question  ,research question,self ref,deictic work ref,,,,,,25,,
1989,matan,,,our hypothesis was,hypothesis/research question  ,research question,self ref,deictic work ref,,,NULL,1,,25,25,NULL
1159,matan,,,hypothesis in this,hypothesis/research question  ,research question,self ref,deictic work ref,,,NULL,1,,25,25,NULL
6111,matan,,,our hypothesis,hypothesis/research question  ,research question,self ref,deictic work ref,,,NULL,1,,25,25,NULL
1156,matan,,,hypotheses were,hypothesis/research question  ,research question,self ref,deictic work ref,,,NULL,1,,25,25,NULL
7896,matan,,,our hypotheses,hypothesis/research question  ,research question,self ref,deictic work ref,,,NULL,1,,25,25,NULL
1006,matan,,,following hypothesis,hypothesis/research question  ,research question,self ref,deictic work ref,,,NULL,1,,25,25,NULL
7887,matan,,,following hypotheses,hypothesis/research question  ,research question,self ref,deictic work ref,,,NULL,1,,25,25,NULL
7923,matan,,,first hypothesis,hypothesis/research question  ,research question,self ref,deictic work ref,,,NULL,1,,25,25,NULL
7927,matan,,,final hypothesis,hypothesis/research question  ,research question,self ref,deictic work ref,,,NULL,1,,25,25,NULL
Sep13,matan,,,address questions of,hypothesis/research question  ,research question,self ref,deictic work ref,,,,,,25,,
,,,, theory has seldom been applied,problem statement,,,,,,,,,30,,
,,,, the sample tends to skew towards,limitation,,,,,,,,,5,,
,,,, a selection bias may have influenced the results ,limitation,,if in conclusion section,,,,,,,5,,